<?xml version="1.0" encoding="UTF-8"?>
<project-private xmlns="http://www.netbeans.org/ns/project-private/1">
    <editor-bookmarks xmlns="http://www.netbeans.org/ns/editor-bookmarks/2" lastBookmarkId="0"/>
    <open-files xmlns="http://www.netbeans.org/ns/projectui-open-files/2">
        <group>
            <file>file:/C:/Users/M_I_C_R_O_S_O_F_T/Documents/NetBeansProjects/inventory/src/Inventory_system/login.java</file>
            <file>file:/C:/Users/M_I_C_R_O_S_O_F_T/Documents/NetBeansProjects/inventory/src/Inventory_system/Inventory_system.java</file>
        </group>
    </open-files>
</project-private>
